,2020,2019,2018,2017,2016,2015,2014,2013,2012,2011,2010,2009,2008,2007,2006,2005,2004,2003,2002,2001,2000,1999,1998,1997,1996,1995,1994,1993,1992,1991,1990,1989,1988,1987,1986,1985
period,FY,FY,FY,FY,FY,FY,FY,FY,FY,FY,FY,FY,FY,FY,FY,FY,FY,FY,FY,FY,FY,FY,FY,FY,FY,FY,FY,FY,FY,FY,FY,FY,FY,FY,FY,FY
revenuePerShare,15.820258033039078,14.085283273500087,13.39933369348084,10.984443504824963,9.854052957326324,10.15547967026922,7.509359843248918,6.59648122826164,5.9793151485866005,4.182853396222391,2.5613679813804944,1.461220019734089,1.3157609026786605,0.9916286155450157,0.8172678045482995,0.6154276504296728,0.39785593184500584,0.30734819168148525,0.28881509958738977,0.2770956449637518,0.439210185318859,0.3825719814110183,0.4019325235057122,0.5015247599253881,0.7095433983960986,0.8026839918312283,0.6909705887660997,0.5970808383233533,0.5165451895043732,0.46830463182897863,0.3944081748509793,0.366638912017763,0.27983227935111354,0.1805291723202171,0.13200999444752914,0.13834391229082516
netIncomePerShare,3.3085872682177895,2.9914457730615696,3.0033537307050504,2.3168850515272243,2.0877583250774108,2.3200979034908102,1.6231013288479703,1.4294884749349153,1.594389801773485,1.00165290891257,0.5502866925731678,0.2281194129940401,0.19583078923454064,0.14441113221467028,0.08415975476295975,0.05897609025365108,0.013263466262739656,0.0034166304536849498,0.0032694150945977592,-0.001291700750343799,0.04324429483410036,0.03748382145875807,0.020905091695550423,-0.0740140339107514,-0.05888207191001896,0.030766408654532704,0.023324600400652113,0.006511976047904192,0.038629737609329445,0.023010688836104513,0.03370706783990917,0.0315015265056897,0.027495188342040143,0.014721845318860245,0.010688506385341476,0.004399884593190999
operatingCashFlowPerShare,4.649230448454163,3.7566854936751732,3.9065645257666572,3.047491375711535,3.0265572619826644,3.5312034353126602,2.4530561794355568,2.071305140693284,1.9429297620346573,1.450159401997525,0.7302205843429711,0.4062877132900514,0.388744777305472,0.22595220057615745,0.09393396459214211,0.11198830621198913,0.04488433872970594,0.0143102347987674,0.004526882438673821,0.009558585552544113,0.045445022306573664,0.049770531654058134,0.05243186428495656,0.013315443421264367,0.03745072956041647,-0.017414948295018513,0.05542015833578978,-0.04872754491017964,0.06712827988338192,0.014029097387173397,0.06840760715299461,0.03517901748542881,0.020208963431399506,0.012754409769335142,0.02186285397001666,0.019114252740911712
freeCashFlowPerShare,4.2280138811865,3.1885078588792926,3.2349203703371106,2.4343800805099707,2.444651807224511,3.0320221655950435,2.0499305570618507,1.721005780634173,1.583730736892101,1.1622064092802782,0.6469294921466042,0.35777634443279854,0.34017193570592424,0.18522297392751189,0.06613458858446762,0.10050232608768256,0.036426476185350214,0.0061895479233423,-0.004225090276095566,-0.002428397410646342,0.03955807631770758,0.04683918455162614,0.04864323925275325,-0.0176358798505044,0.03261604963643207,-0.028952351540468275,0.04341961992191495,-0.06467065868263473,0.05291545189504373,-0.002152612826603325,0.052512063582174286,0.018595614765473216,0.010310695628265053,0.006919945725915875,0.017212659633536923,0.01521927293710329
cashPerShare,5.241031369137106,5.443948396585932,3.344901911600268,3.5546079710314378,3.0687812795888,1.8076636491576055,1.0301825366621247,1.564922636949836,1.1128598599635742,1.0028121399621566,1.0060904205897778,0.9383930411101257,0.9921175068998552,0.6355576888601021,0.42778035226421474,0.36494493002652556,0.2625781871724981,0.22609180654384756,0.21814543485031512,0.2240325781396285,0.22155823829124954,0.2012026755839493,0.15560424239406462,0.10333634016821655,0.12591815622914593,0.06907929490357344,0.09458758700347111,0.05059880239520958,0.03637026239067055,0.044833729216152016,0.02661084303150724,0.030391340549542047,0.025570525158097334,0.038331071913161464,0.03997779011660189,0.024307559145989612
bookValuePerShare,3.765476712094932,4.898833522383005,5.405592753084175,6.423269229221109,5.8605931103564,5.186262225552415,4.582436950873311,4.768525301448115,4.516157919815102,2.9604828954685813,1.876739550757458,1.2653748645041074,0.8519490065375237,0.6002810564483949,0.42244896508466073,0.3298243369541266,0.24393244474516845,0.2091076870421963,0.20597315095965885,0.2025386776539077,0.22595969323619616,0.19359364693508327,0.11108789826567571,0.08499219205062361,0.14850404900835665,0.21050318751603628,0.17921820199844793,0.15164670658682636,0.15940233236151605,0.13116092636579574,0.10268237297757593,0.10310852067721343,0.06894418476766566,0.056716417910447764,0.048167684619655746,0.039671090594345065
tangibleBookValuePerShare,3.765476712094932,4.898833522383005,5.405592753084175,6.039206155282811,5.466685067320804,4.794799476693953,4.222651543683979,4.546365416421645,4.311419824118553,2.7892258284096925,1.8342104357887332,1.2430188420876158,0.8293032863922799,0.5863604181313629,0.41495963547528725,0.3239046395054455,0.23806960820874004,0.2037104012530418,0.19998760640185678,0.19861190737286255,0.22595969323619616,0.19359364693508327,0.11108789826567571,0.08499219205062361,0.14850404900835665,0.21050318751603628,0.17921820199844793,0.38705089820359284,0.30787172011661806,0.25935273159144895,0.21118365029804145,0.1903968914793228,0.14311245532031894,0.10027137042062415,0.08051082731815658,0.0675129832660127
shareholdersEquityPerShare,3.765476712094932,4.898833522383005,5.405592753084175,6.423269229221109,5.8605931103564,5.186262225552415,4.582436950873311,4.768525301448115,4.516157919815102,2.9604828954685813,1.876739550757458,1.2653748645041074,0.8519490065375237,0.6002810564483949,0.42244896508466073,0.3298243369541266,0.24393244474516845,0.2091076870421963,0.20597315095965885,0.2025386776539077,0.22595969323619616,0.19359364693508327,0.11108789826567571,0.08499219205062361,0.14850404900835665,0.21050318751603628,0.17921820199844793,0.15164670658682636,0.15940233236151605,0.13116092636579574,0.10268237297757593,0.10310852067721343,0.06894418476766566,0.056716417910447764,0.048167684619655746,0.039671090594345065
interestDebtPerShare,6.645240272960322,6.043038792646076,5.939154578955345,5.654472228813614,3.8836956799894713,2.718426132904232,1.4657208886855664,0.6598411039632613,0.0,0.0,0.0,0.0,0.0,0.0,0.0,0.0,0.000144168111551518,0.00039613106709390723,0.01644767286051488,0.017205453994579404,0.017660837966598238,0.021642073288168136,0.06873648272711724,0.0741556875641691,0.08623048521136355,0.05892057506481263,0.047814535971461056,0.06646706586826347,0.018002915451895043,0.01105997624703088,0.008728356514334373,0.00395503746877602,0.021652460819356612,0.0,0.0,0.0
marketCap,1996361343006.3572,1150071576171.336,1051729234301.5079,869818586240,643641973000,663254372880,639654472920,490314397682.64795,564630057042.912,375036176054.06396,280877935240,180817890396.19202,81185817859.104,160027885091.62,67879147736.231995,45911244342.48801,17669101527.28,8150251944.856,5541893420,6093148895.288,6268218201.728,10665203371.536,4685072776.832001,2087895319.7760003,3031483000,4275885218.752,5001710925.12,3608389040.0000005,5971876960,6164639008,3774640844,5822707416,5000875000,4672049360,2122600968,1114069448
enterpriseValue,2070781343006.3572,1209274576171.336,1140299234301.5078,965209586240,706689973000,703962372880,661105472920,493015397682.64795,553884057042.912,365221176054.06396,269616935240,175554890396.19202,69310817859.104,150675885091.62,61487147736.231995,42420244342.48801,14700101527.279999,4754251944.856,3605893420,4100148895.288,5377218201.728,9639203371.536,4158072776.8320007,1833895319.7760003,2614483000,4283885218.752,4394422925.12,3762389040.0000005,5656876960,5709639008,3522640844,5441707416,4943875000,4107049360,1546600968,777069448
peRatio,34.773150493918536,20.813514843118142,17.66691697269503,17.989671076916714,14.088076980322631,12.421889592088998,16.189685470007593,13.23850197593347,13.529582274049602,14.467871925548337,20.044097283950617,31.70019116342777,16.79474924681506,45.77456667380435,34.12727387442534,34.39044520036555,64.01848379449275,118.11959340371016,85.25989876923077,-243.72595581152,7.974832317720102,17.745762681424292,15.162047821462783,-1.9979859519387562,-3.7150526960784314,10.084634949886793,16.125292332531643,41.475736091954026,11.26769237735849,19.885932283870968,7.946612303157894,12.825346731277534,12.5021875,21.53018138248848,13.783123168831171,18.263433573770488
priceToSalesRatio,7.272321523437178,4.420393952398533,3.9598984706094167,3.79445713218807,2.9848124550753807,2.8378767853154483,3.4992996138844057,2.8688455776879525,3.607675371501214,3.4645694283925392,4.306292606209275,4.948898114136136,2.4996403171004036,6.666162004982921,3.514322947772819,3.2956172810629534,2.1342072143109068,1.3130742621002096,0.9651503692093347,1.1361456079224315,0.785195816325692,1.7387028646129767,0.7886000297646861,0.2948588221686203,0.3082968575205939,0.38653816839197247,0.5443299702113934,0.4523491337595587,0.8426523155072667,0.9771182450467586,0.6791365318459878,1.1019506843300528,1.2284143944976664,1.7557494776399851,1.1159836845425868,0.5808495557872784
pocfratio,24.74603147242429,16.573785882482397,13.582266630956788,13.676822954180947,9.718137624375293,8.161523550808456,10.712147654949508,9.136406620255805,11.102525897493157,9.993236591810707,15.105024750739446,17.798788305560784,8.460381185817424,29.25555486135649,30.57619267397838,18.110944513801975,18.917667588094215,28.20156382303114,61.576593555555554,32.93593997452973,7.588641890711864,13.36491650568421,6.045255195912259,11.105826169021277,5.841007707129094,-17.816188411466666,6.786628030203733,-5.542840307219663,6.484122649294245,32.61713760846561,3.9156025352697093,11.48463001183432,17.009778911564624,24.851326382978726,6.7384157714285715,4.204035652830189
pfcfRatio,27.211358863304806,19.527159334612467,16.40225876548257,17.121402008542802,12.03136574013496,9.505207556536444,12.818726912224449,10.996061845316168,13.620641121313069,12.469201584402166,17.04977147262353,20.21214960833803,9.668431327748483,35.688645203305086,43.42875734883685,20.180766743950773,23.31016032622691,65.202015558848,-65.97492166666666,-129.6414658571915,8.717966900873435,14.201336047318241,6.5160956562336585,-8.385121766168675,6.706820796460177,-10.716504307649123,8.662351275216139,-4.176376203703704,8.225725840220386,-212.57375889655174,5.100866005405406,21.726520208955225,33.339166666666664,45.804405490196075,8.558874870967742,5.279949990521327
pbRatio,30.553901085207258,12.709658475945274,9.81575997742828,6.4889075193029315,5.018689993684161,5.556988587658665,5.7343942277246365,3.9685824869699307,4.776499932686846,4.895075064335495,5.87721402021301,5.714851150322124,3.8604763603948644,11.012103295597301,6.7987928421706725,6.149376418763461,3.480910466367218,1.9299673087511247,1.3533317264957265,1.5543747181857144,1.526227952697346,3.435954694438144,2.8532720930767357,1.7399127664800003,1.4730238095238095,1.4739349254574283,2.0986484397564555,1.7810409871668311,2.7306250388660263,3.488760049801924,2.6085976807187286,3.9183764576043068,4.985917248255234,5.588575789473684,3.0585028357348705,2.0255808145454544
ptbRatio,30.553901085207258,12.709658475945274,9.81575997742828,6.4889075193029315,5.018689993684161,5.556988587658665,5.7343942277246365,3.9685824869699307,4.776499932686846,4.895075064335495,5.87721402021301,5.714851150322124,3.8604763603948644,11.012103295597301,6.7987928421706725,6.149376418763461,3.480910466367218,1.9299673087511247,1.3533317264957265,1.5543747181857144,1.526227952697346,3.435954694438144,2.8532720930767357,1.7399127664800003,1.4730238095238095,1.4739349254574283,2.0986484397564555,1.7810409871668311,2.7306250388660263,3.488760049801924,2.6085976807187286,3.9183764576043068,4.985917248255234,5.588575789473684,3.0585028357348705,2.0255808145454544
evToSales,7.543417820542984,4.647945514045738,4.293376133969042,4.210586502176815,3.277189993461294,3.0120547370943243,3.6166496508110177,2.8846492170302964,3.5390143445888516,3.3738988448305665,4.1336440818704485,4.804852352305663,2.134019454389113,6.2765927306348415,3.183388440912865,3.045025076626804,1.775589023708177,0.765950047503786,0.6279856182514804,0.7645252461845982,0.6735836404519604,1.5714384368333876,0.6998944246477026,0.2589881824284706,0.2658886402928913,0.3872613649206292,0.47823957356540847,0.4716546370816097,0.798204735431071,0.9049990502456807,0.633796481468154,1.029846218016654,1.214412920658315,1.543423284479519,0.8131445678233439,0.4051456976016684
enterpriseValueOverEBITDA,26.773652035146323,15.812264813883075,13.939918024247966,13.499245971944449,10.019849607962682,8.534222033532556,10.936582456616321,8.842373873352606,9.465191172680406,10.257869229695089,13.88918891613435,20.919314870852244,10.271312664360403,31.882328627088445,22.960099976188197,23.193135233727723,29.459121297154308,34.45110104968116,22.67857496855346,-16.803888915114754,7.638094036545454,20.46539993956688,11.177614991483873,-2.7786292723878794,-2.4947356870229007,5.43640256186802,7.800146127939195,10.336233626373629,4.984032563876652,8.110282681818182,3.5872106354378817,6.262033850402762,6.7355245231607626,8.538564158004158,4.284213207756233,4.796724987654321
evToOperatingCashFlow,25.668509594247926,17.426965689662,14.726079426369655,15.17672861159156,10.670078558379007,8.662446445992174,11.071382662401822,9.186736438017515,10.891223396313356,9.731705509181273,14.499431849421887,17.28072550410395,7.222886396321801,27.545865647462524,27.696913394699095,16.73382419822012,15.738866731563167,16.450698771128028,40.06548244444444,22.16296700155676,6.5099493967651325,12.079202219969924,5.365255195912259,9.754762339234045,5.037539499036609,-17.8495217448,5.962622439935142,-5.779399447004609,6.142103105320304,30.2097302010582,3.654191746887967,10.733150721893491,16.815901360544217,21.846007234042553,4.909844342857143,2.9323375396226417
evToFreeCashFlow,28.225739017329207,20.532371912716243,17.78355350511545,18.99906671338307,13.20989911583827,10.088600603055404,13.248606671743486,11.056635965073962,13.361414026219713,12.142872495729758,16.36620949617579,19.62384198481914,8.254235781720139,33.603007379933096,39.339186011664744,18.646261249445278,19.393273782691292,38.034015558848,-42.927302619047616,-87.23721053804256,7.478745760400556,12.83515761855659,5.7831332083894305,-7.365041444883535,5.784254424778761,-10.736554432962405,7.610602771558413,-4.354616944444445,7.791841542699725,-196.88410372413793,4.760325464864865,20.304878417910448,32.95916666666667,40.265189803921565,6.236294225806452,3.6827935924170614
earningsYield,0.02875781992128926,0.04804570528031904,0.056602971618961155,0.05558745325161287,0.0709820085024194,0.08050305008642644,0.061767722532507674,0.0755372474784473,0.07391211197392611,0.06911866549178756,0.04988999932666979,0.031545551092880826,0.05954241919924104,0.021846192605735257,0.029302076798738697,0.029077843981774643,0.015620488657777709,0.008465995955321244,0.011728843388691512,-0.0041029688309985645,0.1253944860731425,0.056351480516910586,0.06595415156153513,-0.500504019575135,-0.2691751858743724,0.09916075346001749,0.062014379608025486,0.024110482277709167,0.08874931676422215,0.050286805050174965,0.12583978705021398,0.07797060157143915,0.07998600244957133,0.046446427098535616,0.07255249682897534,0.05475421672276216
freeCashFlowYield,0.03674935915635308,0.05121072568028215,0.06096721276611191,0.0584064318740396,0.08311608354354479,0.10520548804979332,0.07801086697980594,0.09094164929837634,0.07341798312527575,0.08019759671308135,0.05865181252462414,0.04947519286060867,0.1034293947074942,0.028020116603008263,0.023026217212885162,0.0495521311299905,0.04289974783549095,0.015336949194422543,-0.015157274533078264,-0.0077135814022773015,0.11470564311270924,0.07041590993044901,0.15346613259787623,-0.11925885251120442,0.14910194119511802,-0.09331401092110136,0.11544209744311582,-0.23944203089587032,0.12156981881287789,-0.004704249504693787,0.1960451419308597,0.04602669872499051,0.029994750918589247,0.021831961124657295,0.11683778710120706,0.1893957332541445
debtToEquity,1.5100782075024104,1.0145765184333835,0.8748261733879623,0.7251710221041874,0.58812934213912,0.44680993674332875,0.25986355527266536,0.1372734704449247,0.0,0.0,0.0,0.0,0.0,0.0,0.0,0.0,0.0,0.0,0.07716727716727717,0.08086734693877551,0.07304601899196493,0.09664948453608248,0.5809987819732034,0.7925,0.4611273080660836,0.10444674250258532,0.1275541780077296,1.552319842053307,0.9309556470050298,0.9773627617430674,1.056668970283345,0.8465679676985195,1.0757726819541376,0.7667464114832536,0.6714697406340058,0.7018181818181818
debtToAssets,0.7982666847799239,0.7326921031797611,0.7070285050242668,0.6428451530564666,0.6013224075651412,0.5889200778384336,0.5188600709975457,0.4031449275362319,0.32859641948382406,0.34163150613125265,0.36433768272082784,0.3339087598155828,0.468563630850096,0.4266777133388567,0.41970357454228424,0.35364903471560905,0.3694409937888199,0.38033749082905355,0.3497935852651635,0.3489453579139678,0.39629575187417315,0.39856616934702577,0.617160177197482,0.7165131112686038,0.616331096196868,0.5344246509388542,0.5505534302416144,0.6081995745503771,0.48200757575757575,0.4942759015455066,0.5137768817204301,0.4584548104956268,0.5182516810758886,0.43369418132611637,0.4017241379310345,0.41239316239316237
netDebtToEBITDA,0.9621948696731485,0.774128169253501,1.0827495996381462,1.3341212011020824,0.8939301563895703,0.4935080679379781,0.3548611225992159,0.04844321687352034,-0.18363580436788682,-0.27567127289068644,-0.5801050896352772,-0.6271448999046711,-1.7597806757557795,-1.9788404570461278,-2.3868558625840177,-1.9086932750136687,-5.949899799599199,-24.608695652173914,-12.176100628930818,8.168032786885245,-1.265625,-2.178343949044586,-1.4166666666666667,0.38484848484848483,0.3979007633587786,0.01015228426395939,-1.0779424790149403,0.4230769230769231,-0.2775330396475771,-0.6463068181818182,-0.25661914460285135,-0.43843498273878023,-0.0776566757493188,-1.1746361746361746,-1.5955678670360112,-2.080246913580247
currentRatio,1.3636044481554577,1.540125617208044,1.1238426916297297,1.2760628484139107,1.352669417512594,1.1087706239920605,1.0801128483167317,1.6786385084062485,1.4958486845519174,1.6084376117268502,2.0112923462986196,2.7424821832087605,2.4616803860346295,2.361114098290139,2.2421573172616287,2.9563719862227327,2.6324626865671643,2.4976665252439543,3.249698431845597,3.388010540184453,2.8075530263838595,2.7663008392511297,2.432894736842105,1.8833883388338835,2.254118821767349,2.2468817204301077,2.302340424984763,1.729665071770335,2.4950911640953715,2.353327855382087,2.3398247322297956,2.5631284916201116,2.1559854897218864,2.7286012526096033,3.164133738601824,2.7864406779661017
interestCoverage,23.07274625826662,17.87751677852349,21.882098765432097,26.40723202755058,41.22527472527472,97.17598908594816,136.7265625,360.2867647058824,,,,,,,,,116.33333333333333,3.125,4.090909090909091,-21.5,29.523809523809526,8.212765957446809,4.209677419354839,-10.95774647887324,-20.066666666666666,13.770833333333334,9.971981943358637,2.413793103448276,13.571428571428571,,,,,,,
incomeQuality,1.405201093867029,1.2558093238743304,1.300734071324184,1.3153399102397054,1.4496683958237573,1.5220062179271079,1.511338901543913,1.448983448983449,1.2186039824599237,1.4477663760512307,1.326982088061086,1.7810308555399719,1.9851055026892843,1.5646453089244852,1.1161387631975868,1.898876404494382,3.3840579710144927,4.188405797101449,1.3846153846153846,-7.4,1.0508905852417303,1.3277870216306156,2.5080906148867315,-0.1799043062200957,-0.6360294117647058,-0.5660377358490566,2.3760389195881073,-7.482758620689655,1.7377358490566037,0.6096774193548387,2.0294736842105263,1.1167400881057268,0.735,0.8663594470046083,2.0454545454545454,4.344262295081967
dividendYield,0.007053332328502797,0.012276627205241504,0.013037576167697424,0.014680072605940824,0.01887695412927957,0.017430718096587184,0.017393765651649715,0.021545359569142133,0.004406425001584553,,,,,,,,,,,,,,,,0.004618201718432859,0.013564442690285412,0.011310529706121057,0.015519390891399002,0.009544737840680495,0.00924628350922572,0.014305996843603274,0.008587070657647484,0.007998600244957133,0.0032105825183319546,,
payoutRatio,0.24526658654264863,0.25551976255972203,0.23033377567989788,0.264089677566131,0.26593998292730975,0.2165224557066337,0.2815995950392306,0.28522828522828525,0.05961708959336736,0.0,0.0,0.0,0.0,0.0,0.0,0.0,0.0,0.0,0.0,0.0,0.0,0.0,0.0,0.0,-0.01715686274509804,0.13679245283018868,0.18238559794698528,0.6436781609195402,0.10754716981132076,0.18387096774193548,0.11368421052631579,0.11013215859030837,0.1,0.06912442396313365,0.0,0.0
salesGeneralAndAdministrativeToRevenue,0.07254976959364698,0.07012614634821313,0.06289651537114781,0.06657389392498494,0.06582297265336975,0.06130971482360995,0.06560901556388304,0.06336668421976478,0.06415007539550693,0.0701992628107419,0.08458413185128402,0.11355612119221611,0.11579790018165584,0.12342747646421728,0.1259642764690655,0.13344339961237528,0.17163908684623747,0.19526341227646207,0.19348659003831417,0.2121946671639008,0.1460603783038958,0.16237365503749593,0.1528362228581047,0.1816127665583957,0.15946303264517442,0.1431025131079371,0.15063107618143406,0.0,0.0,0.0,0.0,0.0,0.0,0.0,0.0,0.0
researchAndDdevelopementToRevenue,0.06830956414039306,0.06233136285716482,0.05360040663416103,0.05052042890670668,0.046582482760539605,0.034516398177267184,0.03304794988922016,0.02618337136504593,0.02160272957292918,0.022439006364954873,0.027320812571866616,0.036483564605742126,0.0341451399365744,0.032575189535949345,0.036862542065752006,0.038331778048955566,0.05906510448121754,0.07588206863218946,0.07784743991640543,0.08223009509602834,0.04760115244895403,0.051190088033909356,0.05217976771587275,0.12145177234853834,0.06142581104444218,0.055505333574398845,0.06141239263499228,0.08336467343612887,0.08494426414561874,0.09240767158028214,0.086002159050018,0.07948523845571537,0.06705969049373618,0.07215332581736189,0.06729758149316509,0.038060479666319084
intangiblesToTotalAssets,0.0,0.0,0.0,0.02135516720443143,0.02679631690530517,0.031028603902254214,0.037776215390853136,0.027806763285024155,0.030437795347146492,0.038085089927903,0.014404852160727824,0.011768173301614704,0.014126149802890934,0.013295459028681894,0.01028770706190061,0.011600727209765389,0.01515527950310559,0.01599413059427733,0.018894887265798667,0.01262248795881083,0.0,0.0,0.0,0.0,0.0,0.0,0.0,0.0,0.0,0.0,0.0,0.0,0.0,0.0,0.0,0.0
capexToOperatingCashFlow,-0.09059920172546297,-0.15124439768846104,-0.1719270604643955,-0.20118557187332936,-0.19226646132475728,-0.13839736175030148,-0.16028335538324986,-0.152144747139716,-0.16310759792354884,-0.11351221721868422,-0.10782468405485346,-0.11260950880992224,-0.11369320550229262,-0.1343692870201097,-0.2959459459459459,-0.10256410256410256,-0.18843683083511778,-0.5674740484429066,-1.9333333333333333,-1.2540540540540541,-0.12953995157384987,-0.05889724310776942,-0.07225806451612904,-2.324468085106383,-0.12909441233140656,0.6625,-0.21653742562703954,3.056338028169014,-4.723076923076923,-0.8669724770642202,-4.303571428571429,-2.1213389121338913,-2.0416666666666665,-2.186046511627907,-4.701492537313433,-4.907407407407407
capexToRevenue,-0.026625138881299748,-0.04033838892433525,-0.05012519060976298,-0.0558163274208887,-0.059052397757363,-0.04812271356138887,-0.05235920019694193,-0.04777368205488269,-0.05300048559818028,-0.039353712274478286,-0.030739747029513223,-0.031310726113255055,-0.03359093568151729,-0.030617345663584105,-0.03401501423763914,-0.01866341253319934,-0.02125860611184926,-0.026421781859191237,-0.030303030303030304,-0.04325936975573373,-0.013403482400100213,-0.007662210629279426,-0.0094260225551254,-0.06171444711198983,-0.006813790297976203,-0.014373531007051165,-0.01736765443997376,-37.45070422535211,-36.343589743589746,-28.940366972477065,-24.8125,-22.10878661087866,-28.270833333333332,-30.941860465116278,-28.388059701492537,-35.51851851851852
capexToDepreciation,-0.661089001447178,-0.8364549294652108,-1.2210400807117308,-1.259722358964261,-1.2121846739647786,-0.9991116638536022,-1.2045054115278127,-1.2083764984460559,-2.531278608483369,-2.348401323042999,-1.9522882181110028,-1.55858310626703,-2.306553911205074,-2.3186119873817033,-2.92,-1.452513966480447,-1.1733333333333333,-1.4513274336283186,-1.5263157894736843,-2.32,-1.2738095238095237,-0.5529411764705883,-0.5045045045045045,-3.7033898305084745,-0.42948717948717946,-1.2519685039370079,-0.9501601590873909,-0.7793427230046949,-1.1128205128205129,-0.9357798165137615,-0.90625,-0.5230125523012552,-0.5416666666666666,-0.8255813953488372,-0.7611940298507462,-0.7777777777777778
stockBasedCompensationToRevenue,0.024876600550061016,0.0233228531674956,0.020105800184491426,0.021113796382735545,0.01952337007684139,0.015343473889138481,0.01566235400311825,0.013182376689485695,0.011117642548623713,0.010789938013284187,0.013476427750095821,0.019432356241618085,0.015887188644970598,0.01008081313005082,0.008439037017861766,0.0030148589476706625,0.0039859886459717355,0.0025777348155308524,0.0,0.0,0.0,0.0,0.0,0.0,0.0,0.0,0.0,0.0,0.0,0.0,0.0,0.0,0.0,0.0,0.0,0.0
grahamNumber,16.74258602902124,18.158424594467483,19.112441265758534,18.298755977665166,16.592130552188063,16.45400597484695,12.936366910663192,12.384361877757428,12.728378252448914,8.168290325442667,4.820452053974857,2.548484423031074,1.9374858819101333,1.396589956893737,0.8943975789777731,0.6615620696059342,0.26980783792074275,0.1267871565344052,0.12309250139086808,0.07672311022587557,0.46889020131145964,0.4040719839192658,0.2285865497770448,0.37621647645091105,0.44355956430267435,0.3817323794617143,0.3066828024002746,0.1490610402597935,0.37221980220349776,0.2605903364311831,0.279061352605758,0.27033628212691524,0.20652300179083224,0.1370650665163905,0.1076285910158024,0.06266845264385998
roic,0.3033831282952548,0.2746157613037913,0.2848922482208801,0.22347133931986668,0.24733805834844239,0.3396190430781701,0.3117921979203164,0.29997796035312413,0.4016884571195881,0.3822354950735851,0.33758102128128387,0.21275177107931656,0.24627158555729983,0.2747382851445663,0.22852617849822993,0.2045370026031982,0.06499068901303538,0.005607895917451772,0.009698275862068966,-0.07639351543415501,0.1273100616016427,0.10686600221483943,0.09425785482123511,-0.32215320910973083,-0.35822671823861946,0.1692268305171531,0.11773885561782982,0.05257228689447991,0.3055754110078628,0.21958717610891523,0.39969214982042073,0.40237966468361275,0.5227091633466135,0.41041041041041043,0.3730445246690734,0.187207488299532
returnOnTangibleAssets,0.1772557180259843,0.16323009842961633,0.16277530931710985,0.131637553634047,0.14593408418672102,0.18978730059430715,0.1771105562553512,0.18404026952356345,0.2444743856360388,0.2315725529082804,0.18910931174089068,0.12151165267777257,0.12390741547689232,0.1397840863654538,0.11680761099365751,0.1169308925286853,0.03481331987891019,0.010289293170295259,0.010519501537465609,-0.004205214465937763,0.11553726297221814,0.11645030032939353,0.0720447656796456,-0.2468698322702575,-0.15212527964205816,0.06804686246188413,0.05849384450999539,0.01682459872365113,0.12547348484848486,0.08872352604464796,0.15961021505376344,0.16545189504373178,0.19212295869356388,0.14682002706359945,0.13275862068965516,0.06517094017094018
grahamNetNet,-7.9236288086774875,-6.012829824545447,-7.746774362475348,-6.608316712163246,-5.182061372883773,-5.02213161525986,-3.3301922974537153,-1.24266343611097,-0.7691336709391561,-0.3628103377442848,0.11333243379477358,0.41397634532863914,0.32485872959697587,0.2466782548063379,0.16768482057597262,0.21778080968384753,0.14998289205076254,0.1275789617959315,0.12978320458209028,0.1338201977356176,0.1134612557527016,0.10538816524115881,0.027619753024946472,-0.04102643937110311,-0.00779321539985545,-0.003065756522768884,0.00516142264586805,-0.03465568862275449,0.036825801749271136,0.013528058194774347,0.015398807834232189,0.02659242298084929,0.02215081110805609,0.023168249660786976,0.025107579122709604,0.014389786497403348
workingCapital,38321000000,57101000000,14473000000,27831000000,27863000000,8768000000,5083000000,29628000000,19111000000,17018000000,20956000000,20049000000,20598000000,12657000000,8038000000,6816000000,4375000000,3530000000,3730000000,3625000000,3494000000,2736000000,2178000000,1606000000,2512000000,2899000000,2532147000,1830000000,2132000000,1647000000,1376000000,1399000000,956000000,828000000,712000000,527000000
tangibleAssetValue,,,,126032000000,119629000000,110346000000,102789000000,117793000000,112851000000,72183000000,46708000000,31081000000,20471000000,14195000000,9807000000,7332000000,4954000000,4114000000,3976000000,3844000000,,,,,,,,,,,,,,,,
netCurrentAssetValue,-114836000000,-85209000000,-127239000000,-112627000000,-86568000000,-81612000000,-51761000000,-10165000000,-201000000,5232000000,14286000000,15694000000,16148000000,11141000000,7288000000,6215000000,4081000000,3295000000,3185000000,3042000000,2731000000,2228000000,1051000000,391000000,1209000000,1894000000,1557007000,1193000000,1522000000,1137000000,874000000,1036000000,704000000,666000000,575000000,436000000
investedCapital,1.720809929750991,1.1940478295464592,1.0684666859548098,0.8629808947607929,0.6513267159977856,0.5180176783544888,0.31641370901951643,0.1372734704449247,0.0,0.0,0.0,0.0,0.0,0.0,0.0,0.0,0.0,0.0,0.07716727716727717,0.08086734693877551,0.07304601899196493,0.09664948453608248,0.5809987819732034,0.8133333333333334,0.5515063168124392,0.26335746294381246,0.2501572398954224,,,,,,,,,
averageReceivables,41624500000,45804000000,47399500000,40738500000,30779000000,31326500000,31632000000,29453000000,28367000000,25586500000,25657000000,24582500000,24113000000,23720500000,23528000000,23349500000,23289000000,23285000000,23184500000,23135000000,23378500000,23242500000,23379500000,23419500000,23650000000,23867500000,23692673500,23593000000,23445500000,23355500000,23283000000,23298500000,23132500000,23105000000,23033500000,23012000000
averagePayables,44266000000,46236000000,51062000000,47642500000,41765000000,40863000000,38216000000,34301500000,33705500000,30434000000,29125500000,25918500000,25878000000,25603000000,24813000000,24007500000,23843500000,23695000000,23573500000,23518500000,23696500000,23524000000,23477500000,23460500000,23513500000,23700500000,23558858500,23489500000,23331500000,23296500000,23288500000,23285000000,23159500000,23221000000,23177000000,23155500000
averageInventory,4083500000,4106000000,4031000000,4480500000,3119000000,3227500000,3108500000,2935000000,2448500000,2441000000,2578500000,2280500000,2307500000,2226000000,2188000000,2135500000,2103500000,2081000000,2075500000,2058500000,2069500000,2063000000,2092000000,2271500000,2384000000,2940500000,2597217000,2806500000,2343000000,2389000000,2230500000,2290500000,2097500000,2166000000,2107500000,2136500000
daysSalesOutstanding,49.78753437881355,64.25876528784583,67.33249872926825,56.80067093014126,26.665909227922594,26.313608454741885,34.8636450668782,27.980984143701363,25.490390267590154,18.103492872913378,30.834036029129933,33.575964091195225,27.218510422118907,24.8898192118637,23.659332125291225,23.449501112626518,34.12368643555985,45.044304817141935,35.91518634622083,31.715457766175646,43.573218088437926,40.52249755461363,58.67278235987208,53.350515463917525,55.53137394487949,63.71497016814319,62.81504890546569,63.23555221261126,55.98349089882884,52.473450626089715,50.041381792011514,54.77763058289175,41.332596413657576,55.689590379556556,50.470557308096744,41.86652763295099
daysPayablesOutstanding,91.04818971567418,104.31407696777144,124.57021422115831,126.92760620497985,103.61336926074777,92.46871631605622,98.18044148301234,76.58063336022363,87.98209366391185,82.88991324052087,110.90956222654967,87.37722784972432,94.44079872503984,114.43666414332576,90.20558431143836,65.6689927184466,87.97591362126245,93.62302733940875,80.3370379318676,70.8248546511628,72.59841842874334,66.78233438485805,58.81555356342447,43.76422194993874,32.567963902989284,51.83142369575816,47.016903058693934,51.66603162507144,39.05161613630669,39.31955340977671,47.76093630084421,45.23562152133581,15.215971873430437,58.016975308641975,48.33894500561168,24.485688729874777
daysOfInventoryOnHand,8.741883356235881,9.263638723714628,8.817631109699796,12.563630820713515,5.923304104250396,6.120287817030602,6.863786990682178,6.039622535316962,3.286603829428773,4.3960205491145565,9.701702030803471,7.098132239175962,8.708399737508202,7.966818067120868,7.184515564627834,6.090716019417476,6.12375415282392,4.543231829295399,3.968349842957236,0.9726259689922481,2.070654976792161,1.644885083370888,6.380546839982071,27.919656922807633,27.256627185561197,78.97062408581179,58.0399332935471,104.79234139836159,53.0443497870208,74.0132770066385,49.72179585571757,64.33209647495362,16.31592164741336,63.64969135802469,44.652076318742985,54.521466905187836
receivablesTurnover,7.331152356789959,5.68015893808401,5.42085927135422,6.425980433380988,13.687888790148534,13.871149623123033,10.469358533791523,13.044573347580522,14.319121683440073,20.161855094058485,11.837568058076226,10.870871764355847,13.409991742361685,14.664630421502748,15.427316293929712,15.56536312849162,10.696382428940568,8.10313315926893,10.16283185840708,11.508583690987125,8.376705141657922,9.00734214390602,6.220942408376963,6.841545893719807,6.572860962566845,5.728638011393061,5.810709477426523,5.772069464544139,6.519779208831647,6.955898566703418,7.293963254593176,6.663303909205548,8.830802603036876,6.554187192118227,7.231939163498099,8.718181818181819
payablesTurnover,4.008866086627577,3.4990483605848257,2.9300744345834526,2.8756549572876104,3.5227114281117604,3.947280924204001,3.71764472115512,4.766218089149193,4.148571428571429,4.40343083652269,3.2909696213067,4.177289769683985,3.8648550724637682,3.1895372233400403,4.046312684365781,5.558178752107926,4.148862853204687,3.898613518197574,4.543358946212953,5.153558052434457,5.027657735522904,5.4655172413793105,6.205841446453407,8.34014598540146,11.207332490518331,7.04206008583691,7.76316550548532,7.064602960969045,9.346604215456674,9.282913165266107,7.642228739002933,8.068862275449101,23.987951807228917,6.29126213592233,7.5508474576271185,14.906666666666666
inventoryTurnover,41.75301649839941,39.40136385776912,41.3943377148635,29.05211122554068,61.62101313320826,59.63771817794807,53.17764092846992,60.43424036281179,111.05689001264223,83.02963917525773,37.62226450999049,51.42197802197802,41.913555992141454,45.8150289017341,50.803703703703704,59.92727272727273,59.603960396039604,80.33928571428571,91.97777777777777,375.27272727272725,176.27272727272728,221.9,57.205128205128204,13.073226544622425,13.391238670694865,4.621971830985916,6.288773595826664,3.48307896483079,6.88103448275862,4.931547619047619,7.340845070422535,5.673684210526316,22.370786516853933,5.734513274336283,8.174311926605505,6.6946107784431135
roe,0.8786635853012749,0.6106445053487756,0.5556011834209077,0.3607018433832909,0.3562366958026963,0.44735453060198566,0.3542004715501089,0.29977579745687943,0.35304119786820065,0.3383410559289956,0.2932142035111213,0.1802781289506953,0.22986210175939134,0.24057252958987063,0.19921875,0.17881060809000804,0.054373522458628844,0.01633909542978925,0.015873015873015872,-0.006377551020408163,0.19138056975894813,0.19362113402061856,0.1881851400730816,-0.8708333333333333,-0.3965014577259475,0.14615649775939332,0.13014638100684722,0.042941757156959526,0.2423411065386374,0.17543859649122806,0.3282653766413269,0.30551816958277256,0.3988035892323031,0.2595693779904306,0.2219020172910663,0.11090909090909092
capexPerShare,-0.4212165672676634,-0.5681776347958805,-0.6716441554295466,-0.6131112952015644,-0.5819054547581533,-0.4887092392508735,-0.39318407538354655,-0.31513819687997363,-0.3169066064196453,-0.16461080904126027,-0.07873580379713133,-0.045751859829099205,-0.04419763985413402,-0.030361036092043096,-0.02779937600767449,-0.011485980124306579,-0.008457862544355722,-0.008120686875425099,-0.008751972714769386,-0.011986982963190455,-0.0058869459888660795,-0.002931347102431995,-0.003788625032203313,-0.030951323271768767,-0.0048346799239844,-0.011537403245449765,-0.012000538413874835,-0.01594311377245509,-0.014212827988338192,-0.01618171021377672,-0.015895543570820323,-0.016583402719955592,-0.009898267803134452,-0.0058344640434192675,-0.004650194336479734,-0.0038949798038084246
